path,md5,size_bytes
.gitignore,03f637a924f56e54e2f5d7643e4f1a4a,546
00_config.R,c6c0ab4faa6cde75b1ab66455bbb0f98,6735
CITATION.cff,cf256a9c2c3b666c881c14ceae72b5b9,658
CODE_AVAILABILITY_TEXT.txt,8673361590b4e9c44ce9b8deaf63f4aa,506
LICENSE_NOTE.md,04d9bdb17d92d5b06a81371291aa530e,367
R/00_install_packages.R,300b15254410c714594ec8eb6f8b8156,729
R/01_derivation_pca_collinearity.R,148240b1e69dd431b652254662336bc8,26031
R/02_association_rcs.R,c21df465e032425bec21e4e5c2207c16,23638
R/03_internal_nested_cv.R,a877ce500b2572b95caa404ed545d932,55365
R/04_internal_secondary_metrics.R,411ef2468b9656710e3d5cca3cebe3a5,54620
R/05_internal_posthoc_SHAP.R,7af6a79214ef5586d0ee8282685f7dc0,27531
R/06_internal_longitudinal.R,d4de2d3afb69fdcd7f278b7a656a22a5,61644
R/07a_nhanes_download_harmonize.R,d624622eb971d9f4d686fb9e40c9aaff,40951
R/07b_nhanes_revised_prevent_ckm_qc.R,d89c68079ca64122d657bf98aea1c9d7,26781
R/08_nhanes_external_replication.R,eaf39a6a7c9b83f6e09f71e1c80e83d0,72006
R/09_nhanes_sensitivity_final_outputs.R,0917bc61062cd9752e2ed57286595be9,80735
R/10_age_sensitivity.R,770e4d46d55a293da2b8c27246b3880b,39274
R/11_study_flow.R,73287655ee4b4e6aa177e9391128e951,1942
R/99_capture_session_info.R,820bd0f2684ce641209ac127f7da3e49,195
README.md,f1824e8f31af558e63474156a07a9306,5952
REPOSITORY_AUDIT.txt,0d3905429f8932494b764fb1d4c07e51,395
VERSION,c9e47dbb0e1927076ed7b2e1ec157be7,6
ZENODO_RELEASE_CHECKLIST.md,c2ffd731f0d94ee824bd6fc25431326e,940
analysis_manifest.csv,8e6c610c6f41deb77f08cedfd5d1fbfe,1244
data/private/china/README.md,95c28a8a41e2a505f5775838cd77931c,1275
data/private/china/china_derivation_schema.csv,ed22b5bf636ad08faaf365052a5f0034,106
data/private/china/china_longitudinal_schema.csv,5bb93bd024c9c43510344a36343d38a2,89
data/public/nhanes/README.md,4bc3de29344e09ac707746da4f201626,608
run_all.R,0e3f319c2219ef55901707c0939c59e9,2216
